№;Регион;Тип региона;Название компании / Организации;Сфера деятельности;Подходит для практики студента;Контакты для резюме (Email / Сайт);На какую позицию писать
1;Южно-Сахалинск;Мой регион (Сахалин);Солнце Телеком (ООО «Связь»);Интернет-провайдер, телекоммуникации;Да (отлично для практики СКС/сети);info@solnce-telecom.ru, support@solnce-telecom.ru;Техник связи, дежурный инженер, монтажник СКС
2;Южно-Сахалинск;Мой регион (Сахалин);ПАО «Ростелеком» (Сахалинский филиал);Федеральный оператор связи, дата-центры;Да (официальные договоры с СПЭТ/ВУЗами);dfo@rt.ru, jobs.rt.ru;Специалист техподдержки, электромеханик связи
3;Южно-Сахалинск;Мой регион (Сахалин);Портал Sakh.com (Сах.ком);ИТ-сервисы, веб-инфраструктура, медиа;Да;job@sakh.com, info@sakh.com;Помощник сисадмина, техподдержка сервисов
4;Южно-Сахалинск;Мой регион (Сахалин);ООО «Интерра» (ИТ-Аутсорсинг Сахалин);ИТ-обслуживание организаций, системная интеграция;Да (идеально по профилю администрирования);info@interra-sakhalin.ru;Младший сисадмин, помощник выездного инженера
5;Южно-Сахалинск;Мой регион (Сахалин);ТрансТелеКом (ТТК-Сахалин);Магистральный оператор связи, сети передачи данных;Да;post@sakhalin.ttk.ru, welcome@ttk.ru;Сетевой техник, дежурный оператор мониторинга
6;Южно-Сахалинск;Мой регион (Сахалин);«Сахалинская Энергия» (Sakhalin Energy);Нефтегазовый сектор, корпоративная ИТ-инфраструктура;Да (крупные программы студенческих практик);recruitment@sakhalinenergy.ru;Стажер в отдел IT / Телекоммуникаций
7;Южно-Сахалинск;Мой регион (Сахалин);Сахалин-ИнфоТех;Системная интеграция, серверные решения;Да;info@sakhinfotech.ru, office@sakhinfotech.ru;Помощник инженера, специалист внедрения
8;Южно-Сахалинск;Мой регион (Сахалин);Первый Бит (Филиал Южно-Сахалинск);Автоматизация бизнеса, сопровождение серверов/1С;Да (активно берут студентов на стажировку);yuzhno-sakhalinsk@1cbit.ru;Младший системный администратор, стажер
9;Южно-Сахалинск;Мой регион (Сахалин);Министерство цифрового развития Сахалинской обл.;Госсектор, региональные цифровые системы;Да (официальная производственная практика);it@sakhalin.gov.ru;Стажер отдела инфраструктуры и связи
10;Южно-Сахалинск;Мой регион (Сахалин);ГБУ «Сахалинский ИТ-центр» (ИТ-парк Сахалин);ГосИТ, координация ИТ-проектов области;Да;it-park@sakhalin.gov.ru, contact@itpark-sakhalin.ru;Младший системный инженер, стажер техподдержки
11;Южно-Сахалинск;Мой регион (Сахалин);Сахалинское морское пароходство (SASCO);Транспорт, логистика, корпоративная сеть;Да;kadr@sasco.ru, office@sasco.ru;Помощник системного администратора
12;Южно-Сахалинск;Мой регион (Сахалин);Аэропорт Южно-Сахалинск (АО «Аэровокзал»);Транспортная инфраструктура, сетевые системы аэропорта;Да;kadr@airportus.ru, info@airportus.ru;Техник по связи и ИТ-оборудованию
13;Южно-Сахалинск;Мой регион (Сахалин);Сахалинский государственный университет (СахГУ);Образование, крупный кампус и сеть;Да;rector@sakhgu.ru, it@sakhgu.ru;Специалист технической поддержки лабораторий
14;Южно-Сахалинск;Мой регион (Сахалин);АО «Сахалинская нефтяная компания»;ТЭК, обслуживание офисной ИТ-инфраструктуры;Да;info@sakhoil.ru;Помощник системного администратора
15;Южно-Сахалинск;Мой регион (Сахалин);ООО «ДальСвязь-Сахалин»;Монтаж сетей, видеонаблюдение, СКУД, СКС;Да (отличная практика по физическому монтажу);dalsvyaz-sakh@mail.ru;Монтажник слаботочных систем, техник СКС
16;Южно-Сахалинск;Мой регион (Сахалин);ПАО «Сахалинэнерго» (РусГидро);Энергетика, телемеханика, корпоративная ИТ-сеть;Да;kanc@sahen.ru;Стажер группы информационных технологий
17;Южно-Сахалинск;Мой регион (Сахалин);МТС (Филиал в Сахалинской области);Мобильный и фиксированный оператор связи;Да;job@mts.ru;Специалист по эксплуатации фиксированной сети
18;Южно-Сахалинск;Мой регион (Сахалин);МегаФон (Сахалинский филиал);Телекоммуникации, базовые станции, оптоволокно;Да;job@megafon.ru;Инженер эксплуатации оборудования связи
19;Южно-Сахалинск;Мой регион (Сахалин);Билайн (ПАО «ВымпелКом», Сахалин);Оператор связи, ШПД-интернет;Да;job@beeline.ru;Техник подключения абонентов, техподдержка
20;Южно-Сахалинск;Мой регион (Сахалин);ООО «ИТ-Сервис Сахалин»;Ремонт ПК, аутсорсинг малого бизнеса;Да;service@it-sakh.ru;Сервисный инженер, эникейщик
21;Южно-Сахалинск;Мой регион (Сахалин);Городская Дума / Администрация Южно-Сахалинска;Муниципальное управление, отдел информатизации;Да (производственная практика);kadr@yuzhno-sakh.ru;Практикант отдела ИТ и связи
22;Южно-Сахалинск;Мой регион (Сахалин);Сеть супермаркетов «Первый Семейный»;Ритейл, кассовые терминалы, серверы торговых точек;Да;hr@1semeyny.ru;Помощник системного администратора сети
23;Южно-Сахалинск;Мой регион (Сахалин);«Гидрострой» (Сахалинское отделение);Крупный холдинг (рыбопромышленность, строительство);Да;office@gidrostroy.com;Младший сисадмин, специалист Helpdesk
24;Южно-Сахалинск;Мой регион (Сахалин);Сахалинский филиал АО «Газпром газораспределение»;Газовое хозяйство, сетевая инфраструктура;Да;info@sakhalin-gaz.ru;Специалист технической поддержки
25;Южно-Сахалинск;Мой регион (Сахалин);ГБУЗ «Сахалинская областная клиническая больница»;Здравоохранение, масштабная внутренняя сеть и ЕГИСЗ;Да (постоянно берут студентов СПЭТ);sakh-okb@sakhalin.gov.ru;Младший техник информационных систем
26;Удаленно / Москва / РФ;Другой регион (Удаленно);Beget (Бегет);Крупнейший хостинг-провайдер РФ, веб-серверы;Да (удаленная работа);job@beget.com, manager@beget.com;Инженер техподдержки хостинга (Linux)
27;Удаленно / РФ;Другой регион (Удаленно);FirstVDS / ISPsystem;Хостинг VDS/VPS, виртуализация KVM;Да (удаленная работа);job@firstvds.ru;Инженер технической поддержки Linux
28;Удаленно / СПб;Другой регион (Удаленно);Selectel (Селектел);Облачный провайдер, дата-центры, IaaS;Да;job@selectel.ru, hr@selectel.ru;Младший инженер поддержки облака
29;Удаленно / Москва;Другой регион (Удаленно);REG.RU / Рунити;Домены, хостинг-серверы, облачные решения;Да;hr@reg.ru;Специалист по поддержке и переносу данных
30;Удаленно / СПб;Другой регион (Удаленно);SpaceWeb (СпейсВеб);Хостинг виртуальных серверов и сайтов;Да;job@sweb.ru;Специалист службы технической поддержки
31;Удаленно / СПб;Другой регион (Удаленно);TimeWeb (Таймвеб);Облачный хостинг, VDS, инфраструктурные сервисы;Да;hr@timeweb.ru;Младший системный администратор, техподдержка
32;Удаленно / Москва;Другой регион (Удаленно);Яндекс (Яндекс 360 / Облако);Технологическая компания, масштабные сервисы;Да (оплачиваемые стажировки);intern@yandex-team.ru, yandex.ru/jobs;Стажер отдела поддержки инфраструктуры
33;Удаленно / Москва;Другой регион (Удаленно);VK (VK Cloud / Инфраструктура);ИТ-холдинг, облачные платформы;Да (программа стажировок VK);internship@vk.team;Младший инженер поддержки облака
34;Удаленно / Воронеж;Другой регион (Удаленно);«РЕЛЭКС»;Разработка СУБД, системная интеграция, сети;Да;job@relex.ru;Младший сетевой администратор
35;Удаленно / Москва;Другой регион (Удаленно);Астрал-Софт;Электронный документооборот, SaaS-решения;Да;hr@astral.ru;Специалист технической поддержки клиентов
36;Удаленно / Тула;Другой регион (Удаленно);СервисКлауд (Scloud);1С в облаке, инфраструктура удаленных рабочих столов;Да;hr@scloud.ru;Инженер 1–2 линии техподдержки
37;Удаленно / Новосибирск;Другой регион (Удаленно);Компания Абарус (ABARUS_IT);Сетевые решения, мониторинг, разработка инфраструктуры;Да;info@nso-it.ru;Младший сетевой инженер / системный администратор
38;Удаленно / Москва;Другой регион (Удаленно);Группа «Астра» (Astra Linux);Разработчик ОС Astra Linux, виртуализации Брест;Да (активно работают со студентами СПО);hr@astra-linux.ru;Специалист сопровождения Linux-систем
39;Удаленно / Москва;Другой регион (Удаленно);РЕД СОФТ (РЕД ОС);Отечественные операционные системы и СУБД;Да;info@red-soft.ru, job@red-soft.ru;Младший специалист поддержки РЕД ОС
40;Удаленно / Москва;Другой регион (Удаленно);Базальт СПО (ALT Linux);Разработчик дистрибутивов ALT Linux;Да;job@basealt.ru;Специалист технической поддержки пользователей
41;Удаленно / СПб;Другой регион (Удаленно);АЙ ТИ ОНТАЙМ;ИТ-аутсорсинг и удаленная поддержка инфраструктуры;Да;job@it-ontime.ru;Стажер системного администратора
42;Удаленно / Москва;Другой регион (Удаленно);ИнфраТех;Инфраструктурные решения, системная интеграция;Да;hr@infratech.ru;Стажер инженера технической поддержки
43;Удаленно / Москва;Другой регион (Удаленно);Aston (Астон);ИТ-консалтинг, заказная разработка и инфраструктура;Да (оплачиваемые курсы и стажировки);cv@astondevs.ru;Стажер DevOps / Системный инженер
44;Удаленно / СПб;Другой регион (Удаленно);ЭлектронТелеком;Телекоммуникационная компания, интернет-сети;Да;info@el-tel.ru;Специалист технической поддержки (сменный график)
45;Удаленно / Москва;Другой регион (Удаленно);Positive Technologies;Информационная безопасность, сетевая защита;Да (программа Positive Start для студентов);ptstart@ptsecurity.com;Стажер в отдел сетевой безопасности
46;Удаленно / Москва;Другой регион (Удаленно);Лаборатория Касперского;Кибербезопасность, корпоративные сети;Да (программа стажировок Safeboard);safeboard@kaspersky.com;Стажер службы системного администрирования
47;Удаленно / СПб;Другой регион (Удаленно);Компания «Светелка Хостинг»;Хостинг-провайдер, аренда Linux-серверов;Да;support@svetelka.ru;Дежурный техник технической поддержки
48;Удаленно / Москва;Другой регион (Удаленно);Macloud;Облачный хостинг серверов, виртуальные сети;Да;job@macloud.ru;Инженер технической поддержки облачной платформы
49;Удаленно / Новосибирск;Другой регион (Удаленно);AUXO (бывш. Atos);Крупный системный интегратор, поддержка корпораций;Да;hr@auxo.ru;Младший инженер удаленной поддержки пользователей
50;Удаленно / Москва;Другой регион (Удаленно);КРОК (CROC);Крупнейший системный интегратор РФ (сети, ЦОД, серверы);Да (сильные программы стажировок);job@croc.ru;Стажер направления сетевой инфраструктуры
